feature,area,priority,original,clone,notes
음표 도구를 고르고 오선을 눌러 음표 놓기,입력,must,yes,yes,
음표 도구를 다시 눌러 길이 고르기,입력,must,yes,yes,
음표 도구를 누른 채 밀어서 한 번에 길이 고르기,입력,could,yes,no,
길이: 온음표~64분음표,입력,must,yes,yes,
길이: 겹온음표(double whole),입력,could,yes,no,
점음표·겹점음표,입력,must,yes,yes,
오선을 길게 누르면 십자선이 뜨고 위아래로 끌어 높이를 맞춘 뒤 놓기,입력,must,yes,yes,꾹 누르면 음표를 잡고 위아래로 끌어 줄을 맞춤. 음이름이 손가락 위에 뜸. 그냥 누르면 그 자리에 놓임
길게 누른 채 좌우로 끌어 임시표 붙이기,입력,should,yes,yes,
쉼표 도구(길이를 고르고 쉼표로 넣기),입력,must,yes,yes,다시 누르면 음표 입력으로 돌아감
음 사이 빈 자리에 새 음표 넣기,입력,must,yes,yes,4085에서 추가
건반으로 차례대로 입력(step entry): 누르면 음이 들어가고 커서가 다음으로,입력,must,yes,yes,박이 모자란 마디에서는 끝에 새 음을 이어 씀
건반에서 화음 쌓아 넣기(chord mode),입력,should,yes,yes,건반의 화음 쌓기 단추
직전 화음 다시 넣기,입력,could,yes,yes,
건반 옥타브 이동,입력,must,yes,yes,
건반 폭 세 단계,입력,could,yes,yes,
입력 중 붙임줄(다음 음과 잇기),입력,should,yes,yes,레일의 붙임줄 단추
재생 줄의 좌우 화살표로 커서 이동,입력,must,yes,yes,
성부 도구(한 보표 네 성부),입력,should,yes,yes,한 보표에 네 성부까지 추가. 쓸 성부의 쉼표를 골라 입력
MIDI 건반으로 입력,입력,could,yes,no,
메트로놈에 맞춰 실시간 녹음 입력,입력,could,yes,no,
손글씨 인식 입력,입력,could,yes,skip,MyScript 엔진(유료 라이선스)이 하는 일. D-222에서 범위 밖으로 결정
기타 지판·드럼 패드 입력,입력,could,yes,skip,피아노 앱 범위 밖(D-222)
선택 도구로 음표·쉼표를 눌러 고르기,선택,must,yes,yes,
셈여림·글자 등 음표가 아닌 기호를 직접 눌러 고르기,선택,should,yes,partial,코드 기호와 가사는 눌러서 바로 고침. 셈여림 등은 붙은 음을 고른 뒤 팔레트에서
꾹 누른 뒤 끌어서 범위 선택,선택,must,yes,yes,꾹 누른 뒤 끌기. 마디를 넘어감
마디를 두 번 눌러 마디 선택 + 편집 단추(자르기·복사·붙여넣기·복제·조옮김),선택,must,yes,yes,두 번 누르면 마디 전체 선택 + 잘라내기·복사·붙여넣기·복제·조옮김·지우기 줄
선택 범위의 양끝 손잡이를 끌어 넓히기,선택,should,yes,yes,
전체 선택·파트 선택,선택,could,yes,yes,선택 범위 메뉴. 파트는 하나씩 여므로 전체가 곧 파트
성부별·화음의 가장 높은 음/낮은 음만 선택,선택,could,yes,partial,가장 높은 음만·가장 낮은 음만. 성부별은 없음
가사만·코드만 선택,선택,could,yes,partial,고른 구간의 가사 지우기·코드 지우기로 같은 일을 함
음표를 위아래로 끌어 높이 바꾸기,편집,must,yes,yes,고른 음(여러 음도)을 끌어서. 고르지 않은 음 위의 손가락은 화면을 움직임
음표를 좌우로 끌어 임시표 바꾸기,편집,should,yes,yes,고른 음을 옆으로 끌면 샵·플랫
여러 음을 한꺼번에 위아래로 옮기기,편집,should,yes,yes,범위 선택 뒤 올림·내림
옥타브 단위로 옮기기,편집,must,yes,yes,
임시표(샵·플랫·제자리표·겹임시표),편집,must,yes,yes,
사분음(quarter tone) 임시표,편집,could,yes,no,
이명동음 바꾸기(F# ↔ Gb),편집,should,yes,yes,
고른 음의 길이 바꾸기,편집,must,yes,yes,여러 음은 차례로 붙여 씀
음표 ↔ 쉼표 바꾸기,편집,must,yes,yes,
지우개 도구,편집,must,yes,yes,
실행 취소·다시 실행,편집,must,yes,yes,
마디 자르기·복사·붙여넣기,편집,must,yes,yes,"자르기·비우기는 마디를 남기고 내용만 비움, 붙여넣기는 덮어쓰기, 끼워 넣기는 따로(재검토에서 설명서대로 고침)"
음표 단위 복사·붙여넣기(마디 중간의 몇 음),편집,should,yes,yes,고른 자리부터 하나씩 덮어씀
복제(duplicate),편집,should,yes,yes,마디와 음 모두
붙여넣을 때 박 위치가 달라도 마디를 넘겨 다시 흘리기(paste reflow),편집,could,yes,no,
다른 성부로 붙여넣기·성부로 보내기·성부 맞바꾸기,편집,could,yes,partial,두 성부 맞바꾸기만
마디 삭제,편집,must,yes,yes,마디 삭제는 비우기와 따로
마디 넣기,편집,must,yes,yes,
조옮김(음정 지정 + 조표도 함께),편집,should,yes,yes,반음 수로 지정
선택 구간을 쉼표로 채우기,편집,could,yes,yes,범위 선택 뒤 쉼표로
리듬 슬래시로 채우기·보이기,편집,could,yes,partial,음표 머리를 슬래시로. 구간을 슬래시로 채우기는 없음
잇단음표 만들기·풀기,편집,must,yes,yes,고른 음들을 잇단음표로(재검토에서 추가) + 한 음을 셋·다섯…으로 나누기
잇단음표 비율 직접 지정·숫자/괄호 표시 방식,편집,could,yes,partial,3·5·6·7만. 표시 방식 선택 없음
음정을 지정해 겹쳐 쌓기(double at interval),편집,could,yes,yes,"3도·6도·옥타브 위, 3도·옥타브 아래"
두 보표 사이로 음 옮기기(switch staff)·보표 넘는 빔(cross staff),편집,could,yes,partial,다른 보표로 보내기(성부는 그대로). 손 바꾸기와 보표 넘는 빔을 따로 고르지는 못함
기둥 방향·숨기기,편집,could,yes,yes,
빔 묶기·끊기,편집,should,yes,yes,
아티큘레이션 위·아래 위치,편집,could,yes,yes,
선택 구간의 아티큘레이션·임시표 한꺼번에 지우기,편집,could,yes,yes,기호 모두 지우기·임시표 지우기
꾸밈음(사선 유무),편집,should,yes,yes,
큐 음표·고스트 음표,편집,could,yes,partial,괄호 음표(ghost)만
재생에서 빼기(tacet),편집,could,yes,no,
줄바꿈·쪽나눔 강제,마디,should,yes,yes,
다음 마디와 한 줄에 묶기,마디,could,yes,partial,줄은 적힌 줄바꿈으로만 나뉘므로 다음 마디의 줄바꿈을 끄면 같은 결과
못갖춘마디(pickup)·나눈 마디(partial) 지정,마디,should,yes,yes,마디 기호 팔레트. 나눈 마디도 같은 표시를 씀
마디 번호 표시·다시 매기기,마디,could,yes,no,
보표 묶음(brace·bracket·barline),마디,could,yes,no,
붙임줄 도구,기호,must,yes,yes,
악센트·테누토·스타카토,기호,must,yes,yes,마르카토·스타카티시모도 있음
이음줄,기호,must,yes,yes,"두 음을 차례로 고르거나, 범위를 고른 뒤 도구를 누르면 바로"
셈여림(ppp~fff),기호,must,yes,yes,
스포르찬도 계열(sfz·fp 등),기호,should,yes,yes,sfz·fp
크레셴도·디미누엔도(헤어핀),기호,must,yes,yes,재생에도 반영
음자리표 바꾸기,기호,must,yes,yes,
조표 바꾸기,기호,must,yes,yes,
박자표 바꾸기,기호,must,yes,yes,
박자표: C·컷타임 기호·빔 묶음 패턴(3+2+2),기호,could,yes,partial,C·컷타임 기호는 됨. 빔 묶음 패턴은 없음
빠르기표(메트로놈 수),기호,must,yes,yes,
accel.·rit.,기호,should,yes,yes,rit.·rall.·accel.·a tempo 글자를 재생이 따름(두 마디 또는 다음 빠르기표까지)
스윙,기호,could,yes,partial,마디 기호 팔레트의 Swing·Straight. 8분음표를 셋잇단 느낌으로. 세기·16분 스윙 조절은 없음
세로줄 종류,기호,must,yes,yes,
도돌이표·1·2번 괄호,기호,must,yes,yes,
도돌이 횟수 지정,기호,could,yes,partial,악보 화면의 재생 순서에서 구간 반복 횟수를 정함. 도돌이표에 숫자를 적지는 않음
글자 상자,기호,should,yes,yes,
가사(여러 절·하이픈·멜리스마),기호,must,yes,yes,끝에 - 또는 _ 를 붙여 씀. 1~4절
리허설 마크,기호,should,yes,yes,
코드 기호,기호,must,yes,yes,
기타 코드 다이어그램,기호,could,yes,skip,피아노 앱 범위 밖
트릴·트레몰로·아르페지오·꾸밈 기호,기호,should,yes,yes,
옥타브선(8va·8vb),기호,should,yes,yes,
글리산도,기호,could,yes,yes,
재즈 fall·scoop,기호,could,yes,partial,악보 파일에는 기록됨(Scoop·Plop·Doit·Fall). 화면에는 그려지지 않음(조판 엔진이 그리지 않음)
진행 기호(D.C.·D.S.·Coda·Fine),기호,must,yes,yes,
손가락 번호,기호,should,yes,yes,
늘임표·숨표,기호,should,yes,yes,
늘임표의 재생 길이 조절,기호,could,yes,partial,늘임표 음을 두 배로 늘여 재생. 길이를 고르지는 못함
페달,기호,should,yes,yes,
악기별 주법(기타·하프 등),기호,could,yes,skip,피아노 앱 범위 밖
악기 추가·삭제·순서 바꾸기,악보 설정,could,yes,partial,아래 보표 추가·삭제와 악기 바꾸기만
큰보표(grand staff),악보 설정,should,yes,yes,
TAB·드럼 보표,악보 설정,could,yes,skip,피아노 앱 범위 밖
두 손가락으로 확대·한 손가락으로 이동,보기,must,yes,yes,음표 도구에서도 한 손가락으로 화면 이동(재검토에서 고침: 전에는 두 손가락만 됐음)
음표 크기·한 줄 마디 수(measure limit) 조절,보기,should,yes,yes,악보 팔레트의 음표 크기(네 단계)와 한 줄 마디 수
화면 보기·인쇄 보기·이어 보기 전환,보기,could,yes,no,
도구 레일 좌우 위치·작은 UI·어두운 악보,보기,could,yes,yes,마디 편집 메뉴의 세 가지 옵션
성부 색·음역 밖 음 빨갛게,보기,could,yes,no,
커서 자리부터 끝까지 재생,재생,must,yes,yes,고른 마디부터 끝까지(마디 단위)
처음으로 돌아가기,재생,must,yes,yes,
음을 놓거나 옮길 때 소리로 들려주기,재생,should,yes,yes,놓을 때·끌 때·건반·화살표. 메뉴에서 끌 수 있음
선택한 부분만 재생,재생,could,yes,yes,고른 마디만 재생
믹서(악기별 음량·좌우·솔로),재생,could,yes,no,
전용 음원 라이브러리,재생,could,yes,skip,원본이 소유한 녹음. 복제 대상 아님
작업 중 자동 저장,저장,should,yes,yes,고칠 때마다 초안을 남기고 다음에 열 때 이어서 할지 물음. 새 버전은 저장 단추로
다른 이름(새 버전)으로 저장,저장,must,yes,yes,원본은 건드리지 않고 새 버전
외장 키보드 단축키,저장,could,yes,yes,화살표·삭제·숫자(길이)·T·N·R·Esc·Space·Ctrl+Z/Y/C/V/S
건반 입력 중 쉼표 넣기(길이를 고르고 쉼표),입력,should,yes,yes,건반 위의 쉼표 단추. 재검토에서 추가
건반을 밀어서 옥타브 옮기기,입력,could,yes,no,+/- 단추만
빈 곳을 눌러 선택 풀기,선택,should,yes,yes,재검토에서 추가
길게 눌러 컨텍스트 메뉴 열기,선택,should,yes,partial,꾹 눌렀다 떼면 팔레트 목록이 뜸. 선택 내용에 따라 달라지는 메뉴는 아님
떨어져 있는 음 여러 개 고르기,선택,could,yes,no,이어진 범위만
플랫으로 적기·샵으로 적기(favour flats / sharps),편집,could,yes,yes,재검토에서 추가
가사 한 줄을 붙여 음마다 나눠 넣기,기호,should,yes,yes,띄어 쓴 가사가 다음 음들에 차례로 들어감. 재검토에서 추가
accel.·rit. 도구,기호,could,yes,yes,마디 기호 팔레트의 빠르기 변화(rit.·accel.·a tempo)
마디 여러 개를 한 번에 넣기,편집,could,yes,partial,하나씩 넣음
쉼표·기호 숨기기와 다시 보이기,편집,could,yes,no,
코드 기호·손가락 번호 줄 맞추기,편집,could,yes,no,
코드 표시 방식(로마 숫자·Nashville 숫자·코드 모양),기호,could,yes,no,
글자 모양 바꾸기(글꼴·크기),기호,could,yes,no,
조표·박자표 숨기기와 줄 끝 예고 표시 끄기,기호,could,yes,no,
caesura,기호,could,yes,no,늘임표·숨표만
악보 중간에서 악기 바꾸기,악보 설정,could,yes,no,파트 전체의 악기만 바꿈
재생 중 메트로놈,재생,could,yes,no,
"되감기: 한 번은 재생을 시작한 곳, 두 번은 맨 처음",재생,could,yes,partial,처음으로 단추만. 재생은 고른 마디에서 다시 시작
원본 악보 사진을 마디별로 나란히 보기,교정,must,no,yes,우리 앱에만 있음
마디 길이 경고(박자보다 짧음·김),교정,must,no,yes,우리 앱에만 있음
